attempt_id,program_version,outcome,max_x,frames,decisions,attempt_wall_s,automatic_releases,dominant_action,action_types,p50_ms,p95_ms
1,0,clear,3161,1934,536,3.7405469408258796,46,right_jump,2,1.8626765813678503,2.2713239304721355
2,0,clear,3161,1934,536,3.841772243846208,46,right_jump,2,2.082626800984144,2.5094030424952507
3,0,clear,3161,1934,536,3.822788783814758,46,right_jump,2,2.092791488394141,2.460581250488758
4,0,clear,3161,1934,536,3.8266197200864553,46,right_jump,2,2.038506558164954,2.4660825729370117
5,0,clear,3161,1934,536,3.8178032259456813,46,right_jump,2,2.0520505495369434,2.432160545140505
6,0,clear,3161,1934,536,3.8375077270902693,46,right_jump,2,2.0846447441726923,2.487380988895893
7,0,clear,3161,1934,536,3.8769888724200428,46,right_jump,2,2.0857390481978655,2.4945521727204323
8,0,clear,3161,1934,536,3.856567026115954,46,right_jump,2,2.111401641741395,2.495026681572199
9,0,clear,3161,1934,536,3.888872849754989,46,right_jump,2,2.0944178104400635,2.455847803503275
10,0,clear,3161,1934,536,3.848641714081168,46,right_jump,2,2.08849273622036,2.473586704581976
11,0,clear,3161,1934,536,3.883516491856426,46,right_jump,2,2.119525568559766,2.5185169652104378
12,0,clear,3161,1934,536,3.876780603080988,46,right_jump,2,2.121100900694728,2.4873227812349796
13,0,clear,3161,1934,536,3.8706926787272096,46,right_jump,2,2.0862403325736523,2.458533737808466
14,0,clear,3161,1934,536,3.846016746945679,46,right_jump,2,2.0656371489167213,2.457129303365946
15,0,clear,3161,1934,536,3.8623939878307283,46,right_jump,2,2.0651353988796473,2.4868440814316273
16,0,clear,3161,1934,536,3.865538502112031,46,right_jump,2,2.04529264010489,2.4816058576107025
17,0,clear,3161,1934,536,3.839861325919628,46,right_jump,2,2.033449476584792,2.476097084581852
18,0,clear,3161,1934,536,3.8075186479836702,46,right_jump,2,1.9594694022089243,2.3431340232491493
19,0,clear,3161,1934,536,3.9386962270364165,46,right_jump,2,2.117936499416828,2.4895938113331795
20,0,clear,3161,1934,536,3.9360714959912,46,right_jump,2,2.1003668662160635,2.4942816235125065
21,0,clear,3161,1934,536,3.909051734022796,46,right_jump,2,2.057240577414632,2.4558203294873238
22,0,clear,3161,1934,536,3.9810895547270775,46,right_jump,2,2.146204235032201,2.5250520557165146
23,0,clear,3161,1934,536,4.137448870111257,46,right_jump,2,2.1204811055213213,2.5807740166783333
24,0,clear,3161,1934,536,3.9179608980193734,46,right_jump,2,2.032340969890356,2.4751690216362476
25,0,clear,3161,1934,536,3.9323032977990806,46,right_jump,2,2.1197961177676916,2.499887254089117
26,0,clear,3161,1934,536,3.9246290177106857,46,right_jump,2,2.1373771596699953,2.4978131987154484
27,0,clear,3161,1934,536,3.901559581980109,46,right_jump,2,2.107873558998108,2.4922238662838936
28,0,clear,3161,1934,536,3.9224430969916284,46,right_jump,2,2.10994528606534,2.471210900694132
29,0,clear,3161,1934,536,3.8835538141429424,46,right_jump,2,1.9850591197609901,2.4437252432107925
30,0,clear,3161,1934,536,3.9914533449336886,46,right_jump,2,2.1179700270295143,2.585387323051691
31,0,clear,3161,1934,536,3.9631395041942596,46,right_jump,2,2.1067513152956963,2.5299801491200924
32,0,clear,3161,1934,536,3.903931825887412,46,right_jump,2,2.0839718636125326,2.5138561613857746
33,0,clear,3161,1934,536,3.848151623737067,46,right_jump,2,1.9648163579404354,2.483423799276352
34,0,clear,3161,1934,536,3.9478015583008528,46,right_jump,2,2.122267382219434,2.478554844856262
35,0,clear,3161,1934,536,3.9628825960680842,46,right_jump,2,2.197760622948408,2.5398069992661476
36,0,clear,3161,1934,536,4.018654260784388,46,right_jump,2,2.1575724240392447,2.5753327645361423
37,0,clear,3161,1934,536,3.953047474846244,46,right_jump,2,2.1505369804799557,2.5026779621839523
38,0,clear,3161,1934,536,3.9221772458404303,46,right_jump,2,2.094682538881898,2.5290590710937977
39,0,clear,3161,1934,536,3.9327272772789,46,right_jump,2,2.1173434797674417,2.4721999652683735
40,0,clear,3161,1934,536,3.930071588139981,46,right_jump,2,2.0916741341352463,2.4972748942673206
41,0,clear,3161,1934,536,4.003489105030894,46,right_jump,2,2.2146538831293583,2.571792807430029
42,0,clear,3161,1934,536,3.9716430068947375,46,right_jump,2,2.1321759559214115,2.517540007829666
43,0,clear,3161,1934,536,3.914273386821151,46,right_jump,2,2.08375696092844,2.5155670009553432
44,0,clear,3161,1934,536,3.876761426217854,46,right_jump,2,2.0152940414845943,2.4133920669555664
45,0,clear,3161,1934,536,3.9159878538921475,46,right_jump,2,2.08998192101717,2.4482840672135353
46,0,clear,3161,1934,536,3.8107093200087547,46,right_jump,2,1.8783353734761477,2.3057041689753532
47,0,clear,3161,1934,536,3.953835149295628,46,right_jump,2,2.138797892257571,2.4716537445783615
48,0,clear,3161,1934,536,3.9373255879618227,46,right_jump,2,2.0631742663681507,2.5081969797611237
49,0,clear,3161,1934,536,3.8584408019669354,46,right_jump,2,1.942227827385068,2.452703658491373
50,0,clear,3161,1934,536,3.887745567597449,46,right_jump,2,1.9707151222974062,2.4220519699156284
